{
  "name": "CRH380AL",
  "M_t": 903,
  "r0": 0.37,
  "r1": 0.0053,
  "r2": 0.000104,
  "r_tn": 0.35,
  "r0_strahl": 0.693059753,
  "r2_strahl": 0.000118398,
  "rho": 0.06,
  "mu": 0.25,
  "psg_cnt": 1028,
  "g": 9.81,
  "PWL_EK": [ 0.00001, 145, 800, 122500 ],
  "PWL_F_EK": [ 0.21100065, 0.06655855, 0.03258348, 0.0000 ],
  "max_v": 200,
  "max_resist": 5.59,
  "traction_e": [ [ 0.00000000e+00, 5.87011468e+01 ], [ 2.50000000e+03, 5.87011468e+01 ], [ 1.00000000e+04, 5.47613968e+01 ], [ 2.25000000e+04, 5.08103580e+01 ], [ 4.00000000e+04, 3.91539439e+01 ], [ 5.76000000e+04, 3.28839309e+01 ], [ 8.41000000e+04, 2.70170125e+01 ], [ 1.22500000e+05, 2.25434981e+01 ] ],
  "brake_e": [ [ 0.00000000e+00, 5.63608563e+01 ], [ 2.50000000e+01, 5.63608563e+01 ], [ 4.00000000e+02, 7.61710499e+01 ], [ 4.90000000e+03, 7.61671764e+01 ], [ 1.39240000e+04, 6.27482161e+01 ], [ 3.24000000e+04, 5.42133537e+01 ], [ 7.29000000e+04, 4.13904179e+01 ], [ 1.22500000e+05, 3.00922528e+01 ] ],
  "resist_e": [ [ 0.000e+00, 3.700e-01 ], [ 2.500e+01, 3.991e-01 ], [ 1.000e+02, 4.300e-01 ], [ 4.000e+02, 5.200e-01 ], [ 4.900e+03, 1.250e+00 ], [ 1.960e+04, 3.150e+00 ], [ 5.290e+04, 7.090e+00 ], [ 1.225e+05, 1.497e+01 ] ]
}