{
  "name": "HXD1D",
  "description": "cz客车，HXD1D双机牵引1100吨，编组20辆，机车自重126吨，两台机车252吨",
  "M_t": 1352,
  "rho": 0.06,
  "mu": 0.25,
  "g": 9.81,
  "r0_strahl": 1.691339032,
  "r2_strahl": 0.000229764,
  "PWL_EK": [
    0.00001,
    145,
    800,
    122500
  ],
  "PWL_F_EK": [
    0.21100065,
    0.06655855,
    0.03258348,
    0.0000
  ],
  "max_resist": 7.505636686, 
  "traction_e": [
    [
      0,
      62.52777442
    ],
    [
      2025,
      56.63938911
    ],
    [
      4900,
      49.87456225
    ],
    [
      10000,
      40.57994204
    ],
    [
      15625,
      33.26509857
    ],
    [
      21025,
      28.56118298
    ],
    [
      25600,
      26.10705229
    ]
  ],
  "brake_e": [
    [
      0,
      56.26584954
    ],
    [
      25,
      84.22793746
    ],
    [
      225,
      80.45016012
    ],
    [
      625,
      78.23205488
    ],
    [
      2025,
      75.51758209
    ],
    [
      4225,
      73.85861171
    ],
    [
      9025,
      72.28129008
    ],
    [
      14400,
      71.40928672
    ],
    [
      25600,
      62.97124034
    ]
  ]
}