{
  "name": "HXD2",
  "description": "cz货车，HXD2双机牵引2000吨，编组25辆，机车自重200吨，两台机车400吨",
  "M_t": 2400,
  "rho": 0.06,
  "mu": 0.25,
  "g": 9.81,
  "r0_strahl": 1.078015873,
  "r2_strahl": 0.000190187,
  "PWL_EK": [
    0.00001,
    145,
    800,
    122500
  ],
  "PWL_F_EK": [
    0.21100065,
    0.06655855,
    0.03258348,
    0.0000
  ],
  "max_resist": 3.746266667,
  "traction_e": [
    [
      0,
      64.26113946
    ],
    [
      900,
      57.71802721
    ],
    [
      3025,
      48.069696
    ],
    [
      6400,
      37.31964286
    ],
    [
      10000,
      29.63528912
    ],
    [
      14400,
      24.17542517
    ]
  ],
  "brake_e": [
    [
      0,
      39.28210034
    ],
    [
      25,
      81.4590806
    ],
    [
      400,
      78.90829487
    ],
    [
      2025,
      76.44701038
    ],
    [
      4225,
      75.24847185
    ],
    [
      8100,
      63.74384414
    ],
    [
      11025,
      58.4800609
    ],
    [
      14400,
      54.90328381
    ]
  ]
}